,comment_id,comment_parent_id,comment_body,comment_link_id,comment_created,comment_score
0,jmzebkt,t3_141c8eg,"Apple is a company I cannot value correctly so I simply leave it as its share in ETFs and no more.

Initially, the company seems significantly overvalued. 

But then I see people taking on 60 month loans to buy the iPhone 13 Pro.",t3_141c8eg,1685969711.0,801
1,jmzqd6a,t3_141c8eg,"It‚Äôs funny cause most people own apple if they have a 401k.

* If you are invested in the SP500 apple is 7-8% (Spy, Voo)
* Total US stock fund apple is 6-7% (VTI)
* Total World Stock fund apple is 3-4% (VT)

So it‚Äôs safe to assume we‚Äôre all holding.",t3_141c8eg,1685975278.0,111
2,jmzsdbr,t3_141c8eg,500 shares at 6.50 way back in the day,t3_141c8eg,1685976121.0,88
3,jmzfue2,t3_141c8eg,"Apple is hard to value. In my head, I just feel like they are overvalued, but they‚Äôve proven time and time again to always be consistently innovating to keep up with tech. I likely won‚Äôt be selling and just will continue to hold to see where this goes. I gave up valuing Apple back in 2019 and have been holding since.",t3_141c8eg,1685970474.0,188
4,jmzv4ly,t3_141c8eg,"""If you're an Apple user and somebody offers you $10,000, but the only provison is they'll take away your iPhone, and you'll never be able to buy another, you're not going to take it.""  
  
\- Warren Buffet",t3_141c8eg,1685977249.0,79
5,jmzlgcb,t3_141c8eg,Sell now and buy back in higher,t3_141c8eg,1685973141.0,84
6,jmzlwkm,t3_141c8eg,"Someone should aggregate all of the ""Should I buy Apple here?"" posts from the past few years and all the comments saying the market cap is way too high to grow any further.",t3_141c8eg,1685973342.0,32
7,jmzlcph,t3_141c8eg,I bought AAPL at $47 and am seriously considering entering again this morning at $183.,t3_141c8eg,1685973095.0,49
8,jmz9hc6,t3_141c8eg,Bought puts at 160,t3_141c8eg,1685967096.0,67
9,jmzwgpp,t3_141c8eg,I listened to the bears saying they'd buy Apple maybe at 120 or 110. I listened to all the noise about Apple's earnings tanking was the last ingredient for this bear market. Everyone who has bet against Apple since Jan 2022 has been wrong.,t3_141c8eg,1685977794.0,8
10,jmznll2,t3_141c8eg,"So, if AAPL is over priced, what's TSLA then?",t3_141c8eg,1685974097.0,15
11,jmzotxb,t3_141c8eg,I thought Wall Street hated VR lol,t3_141c8eg,1685974626.0,8
12,jmzqf0c,t3_141c8eg,I've been buying APPL for 5 years and will continue to buy it for the next 50 years. Anyone calling this stock overvalued is galaxy braining themselves.,t3_141c8eg,1685975300.0,6
13,jmztepg,t3_141c8eg,"aapl is the stock equivalent of a savings account these days.

I own some shares but haven't bought more in a few years from the low mid 100s. rest is now in mutual funds and index.",t3_141c8eg,1685976551.0,7
14,jn16yky,t3_141c8eg,"I actually am convinced by the headset. I might buy my first individual pick, I think it has the same potential as the iPhone did back in 2008",t3_141c8eg,1685996825.0,3
15,jmzqllz,t3_141c8eg,"AAPL has done well for me - however PE seems to be getting up there.  That said - we are headed to a bull market, would you bet apple doesn‚Äôt participate?  I bet it does, but will also write some calls against it for some additional income.  I will also not be upset if they get called away because it has had a tremendous run.",t3_141c8eg,1685975378.0,2
16,jn019l4,t3_141c8eg,"Apple is a singular, amazing company. Stock trended sideways for two years. It is due for a jump!",t3_141c8eg,1685979721.0,2
17,jn09154,t3_141c8eg,Sigh why didn't google jump when they invented [Google Cardboard](https://en.wikipedia.org/wiki/Google_Cardboard) ???  :-),t3_141c8eg,1685982763.0,2
18,jn0cqe3,t3_141c8eg,No wonder my XSP put is dead. Apple just carries the damn market on its back.,t3_141c8eg,1685984190.0,2
19,jn0v6gh,t3_141c8eg,and dumped.,t3_141c8eg,1685991272.0,2
20,jncezip,t3_141c8eg,I have a friend who bout 10k of apple back in 2000. He now owns a house in vail is a raging alcoholic and hasnt to worked in years. Just spends all his time snowmobiling and drinking. It's sad really. Stay away from apple. It's bad news.,t3_141c8eg,1686191695.0,2
21,jmzi2ao,t3_141c8eg,Buy apple when S and P drops down or around 3800,t3_141c8eg,1685971555.0,3
22,jn0xplk,t3_141c8eg,This aged well‚Ä¶.,t3_141c8eg,1685993003.0,3
23,jmzk16y,t3_141c8eg,"mega bullish on aapl.  not only do they have so much potential products and services they could come out with (car, AI siri, AR/VR, etc.) but besides new products, they have so many other tricks up their sleeve to keep the stock going up. they take that fudiciary duty seriously :)",t3_141c8eg,1685972492.0,7
24,jmzv0eb,t3_141c8eg,"If the stock bump has anything to do with the headset announcement, we're going to see a lot of unhappy people in a few hours. It is pretty much common knowledge at this point that the initial run of headsets will be $3,000 and geared toward developers. Apple have stated that their goal is for AR to replace iPhone in 10 years, but we're probably years away from an affordable AR solution from them (note I said solution, not headset. I remain 100% certain that AR/VR will never be viable as a mass-market product as long as the form factor is a headset)",t3_141c8eg,1685977201.0,4
25,jmzwnnz,t3_141c8eg,"I'm skeptical that VR/AR will have anything close to mass adoption. Meta did their best and failed. The cost isn't reasonable for the novel experience, especially as Americans are cutting back on discretionary spending and looking to prepare for the recession/depression.",t3_141c8eg,1685977872.0,3
26,jmzeyew,t3_141c8eg,"From the shares outstanding the ATH is technically 191, to hit again 3. T",t3_141c8eg,1685970030.0,1
27,jmzm2rl,t3_141c8eg,AR is really risky and unknown - im more interested in other things like the potential for glucose monitoring- if they can get that right it would take them to the next level.,t3_141c8eg,1685973419.0,1
28,jmzv6ax,t3_141c8eg,"It's forced to go up since it has such a large weight in the market index. Earning could be flat for the next 5 years and this still would be pumped. It's easy to keep the market green when this goes up. The same ""narrative"" about fundamentals could easily justify a 140-150 pps, but since this is the most bullish market ever we are where we are.",t3_141c8eg,1685977269.0,1
29,jn1j0kv,t3_141c8eg,Almost 50% of BRK A/B is apple. Buffett must think it‚Äôs the way. The next biggest holding is less than 10% (BAC).,t3_141c8eg,1686001634.0,1
30,jmzoqxi,t3_141c8eg,"Besides airpods, I'm not a fan of apple products but man i gotta admit they're killing the stock market.",t3_141c8eg,1685974590.0,0
31,jmzf318,t3_141c8eg,Producing almost all your stuff in a country we're on the verge of war with... bullish!,t3_141c8eg,1685970094.0,-19
32,jn0d2lv,t3_141c8eg,"Yeah, I can‚Äôt with this stock. I just stay away. There are other companies that I can buy to outperform that make me feel significantly more comfortable.",t3_141c8eg,1685984321.0,0
33,jmzfmz0,t3_141c8eg,ATH is 182.94 though,t3_141c8eg,1685970372.0,-2
34,jmzcgt0,t3_141c8eg,Metaverse and VR will never be a thing. People just aren't interested.,t3_141c8eg,1685968754.0,-26
35,jn0wuw3,t3_141c8eg,"Honestly, that headset is worse than Google Glass.    I don't expect it to sell well.

I can't see anyone in business with it, and teens will get laughed at for wearing it around.

We'll see a surge of thefts of it.   Too easy to knock off a kid's head and steal it, so that's a no go.    

It'll be a device that sits at home with nothing on it.   I highly doubt it'll hit mass market with how ugly  it is and with how obvious it is you're wearing it.

Maybe it'll be cool to use for a while.   I just don't see it.

Then again we all laughed when the iPad came out...   It did initially sell very well but has since tapered off a lot.    Only use these days is to play Netflix for your kids in the car on road trips.",t3_141c8eg,1685992444.0,-3
36,jmzjdx5,t3_141c8eg,"Well, they‚Äôre up to something with $gme",t3_141c8eg,1685972189.0,-6
37,jmztgtr,t3_141c8eg,The charts will tell you everything ~2 week intervals,t3_141c8eg,1685976577.0,1
38,jmzytr0,t3_141c8eg,"It's apple... from a portfolio perspective, I don't think you can afford to NOT own it.  Odds are good it's the #1 holding of your ETFs, unless it's VXUS or stuff like that.",t3_141c8eg,1685978752.0,1
39,jn004ae,t3_141c8eg,Buy and hold Apple for 10 years. There will be no regrets.,t3_141c8eg,1685979267.0,1
40,jn04na7,t3_141c8eg,Unrelated to value but gonna throw this out there cause everyone‚Äôs edging over the whole VR thing: I think if a company can make it cool it‚Äôs Apple.,t3_141c8eg,1685981041.0,1
41,jn05c7i,t3_141c8eg,Hold AAPL and Chill!,t3_141c8eg,1685981316.0,1
42,jn062b8,t3_141c8eg,Looks like the stock is overvalued and seems bullish,t3_141c8eg,1685981599.0,1
43,jn0bqsw,t3_141c8eg,Once again the stocks sub is left behind,t3_141c8eg,1685983809.0,1
44,jn0geiu,t3_141c8eg,"Oh cool, they bringing in Keenan Feldspar for the big VR demo?",t3_141c8eg,1685985607.0,1
45,jn1dryv,t3_141c8eg,Then drops a shitty pair of goggles and bombs,t3_141c8eg,1685999501.0,1
46,jn1ivlf,t3_141c8eg,And tanks right after.,t3_141c8eg,1686001577.0,1
47,jn1ocz7,t3_141c8eg,So expensive and I‚Äôm not touching it.,t3_141c8eg,1686003892.0,1
48,jn1w2i8,t3_141c8eg,I'm debating on selling mine to pay off my 40k cc debt :'( but it's 1 of 3 stocks green for me.,t3_141c8eg,1686007308.0,1
49,jn2oadp,t3_141c8eg,"The VR headset is going to be an underwhelming product release.

Sales for Meta‚Äôs headsets did incredibly well during COVID while everyone was cooped up and then sales dropped once people could go out and live their lives; I don‚Äôt see headsets as a good investment opportunity.

In the end this wont matter due to Apple‚Äôs incredibly loyal fanbase, still a great stock to hold; I view it as a tech stock that can smooth out the returns of other tech shares one would hold in their portfolio.",t3_141c8eg,1686020459.0,1
50,jn2pdhh,t3_141c8eg,420 shares @ $5 on each.  This company will allow me to retire early!! Bag holder since 2014,t3_141c8eg,1686021005.0,1
51,jn33rgc,t3_141c8eg,Best stock on the planet. Can't go wrong.,t3_141c8eg,1686029835.0,1
52,jn84gmj,t3_141c8eg,"Apple has a lot of cash and are generating more. However, the new VR goggles will not be big sellers, they are too expensive.",t3_141c8eg,1686121112.0,1
53,jmzk614,t1_jmzebkt,"People are taking 10 year loans for $80k+ pickup trucks now. Ignorance is bliss on the final cost, just that they can get their monthly low enough to enjoy what they want",t3_141c8eg,1685972555.0,122
54,jmzezcs,t1_jmzebkt,"iPhone is a sort of an almost status symbol among certain demographics, that's a very good position to be in. Can VR be the same? I doubt it. But if they do it well and they have some good software for it, it may bring solid revenue. Does it warrant adding more trillions to the market cap.. not so sure about it.",t3_141c8eg,1685970043.0,144
55,jmzo7ia,t1_jmzebkt,"[The Apple fan who says the stock is overvalued](https://www.houstonchronicle.com/business/article/The-Apple-fan-who-says-the-stock-is-overvalued-3489472.php)

April 17, 2012

[Apple Inc. \(AAPL\) is 14% Overvalued,
](https://www.insidermonkey.com/blog/apple-inc-aapl-is-14-overvalued-sp-500-16-canadian-fund-manager-339601/)

February 26, 2015


[Major pullback could strike tech stocks, and it won‚Äôt spare Apple, investor Paul Meeks warns](https://www.cnbc.com/2019/04/30/pullback-could-strike-tech-and-it-wont-spare-apple-paul-meeks-warns.html)

>‚ÄòApple is substantially overvalued‚Äô

Apr 30 2019

Same as it ever was.",t3_141c8eg,1685974359.0,58
56,jmzkfzo,t1_jmzebkt,Been hearing they are overvalued since the iPhone first released in 2007. I just buy and hold. They are an aspirational brand and their ecosystem locks in people. Great services and products. There are very good reasons why Buffett loves them. No one is going to replace them as the leader in mobile computing. They will further entrench themselves with the reveal of the XR glasses.,t3_141c8eg,1685972681.0,36
57,jmzf30y,t1_jmzebkt,I‚Äôm sorry what? People are taking 5 year loans on a $1000 phone?,t3_141c8eg,1685970094.0,14
58,jmznoq6,t1_jmzebkt,"I am wondering, what are the people doing with the old iPhones?",t3_141c8eg,1685974135.0,3
59,jmzm97f,t1_jmzebkt,It‚Äôs insane. My coworker got the latest Samsung last year then her husband went and got them both brand new iPhones because of security concerns. And just last week he went and got them two new ones. ü§£,t3_141c8eg,1685973498.0,8
60,jmzfxii,t1_jmzebkt,"Yeah, I agree. The ridiculous brand value makes it astronomically harder to value. I don't think I'll buy Apple above $150 though.",t3_141c8eg,1685970517.0,9
61,jmzq0fi,t1_jmzebkt,"Apple is diversifying so much right now. They have their core products, and then they are expanding on nearly all fronts - financial, hardware and software. It‚Äôs wild how much Apple is taking on - but they are doing it right (in most cases)",t3_141c8eg,1685975130.0,4
62,jmzo1d4,t1_jmzebkt,"This is bullshit. Many carriers now bundle in phone cost and phone upgrade as part of their subscription. https://www.verizon.com/deals/free-phones/
https://www.techradar.com/deals/the-best-verizon-deals-sales-discounts
https://www.att.com/deals/cell-phone-deals/
https://www.t-mobile.com/cell-phones/deals/special-offer",t3_141c8eg,1685974286.0,7
63,jmzo9sk,t1_jmzebkt,Yeah this is just financial ignorance considering many phone providers now have trade in deals that knock off 75%-85% of the cost,t3_141c8eg,1685974386.0,2
64,jmztidl,t1_jmzebkt,Which company do you value correctly lol,t3_141c8eg,1685976594.0,2
65,jn0oz0p,t1_jmzebkt,60 month loan is rational depending on interest rates and inflation.,t3_141c8eg,1685988840.0,0
66,jn1jws5,t1_jmzebkt,Wait there are 60 mo interest charging loans for iPhones? I did the 0% 24 month loan through Apple as it made more sense than just to cough up the entire sum upfront.,t3_141c8eg,1686002005.0,0
67,jmzxjoj,t1_jmzebkt,"it is worth to drop a  samsung, and crack the screen.

all makes do it.  Apple is no different. ![gif](emote|free_emotes_pack|facepalm)",t3_141c8eg,1685978235.0,1
68,jn054ly,t1_jmzebkt,"Apple customers are diehards. They will blindly buy anything Apple makes, very strong brand. One of the big reasons I'm invested.",t3_141c8eg,1685981231.0,1
69,jn09l1q,t1_jmzebkt,"We've owned shares for about the last 10 years, and it's eye-popping when you look at effects on their valuation through 3-5% shifts in share price.

IMO, the share price is not going to grow from here on out through earnings, it's going to grow through aggressive buybacks and consistent demand for shares, juicing the share price.",t3_141c8eg,1685982980.0,1
70,jn0hg58,t1_jmzebkt,We are in 14 now,t3_141c8eg,1685986004.0,1
71,jn1bp08,t1_jmzebkt,"The fact is, hate them or love them, the are the pinnacle of user technology. This isn‚Äôt a dig at others, but as a brand and developer, they make tons, pour money into R&D, and truly take them time because they have that luxury.",t3_141c8eg,1685998671.0,1
72,jn1colu,t1_jmzebkt,"> the company seems significantly overvalued

Why? I mean compared to other tech stocks it's not at all really overvalued.",t3_141c8eg,1685999066.0,1
73,jn5qm8z,t1_jmzebkt,"Haha! Apple knows all the tricks to keep people buying...

**Apple Magically Defies Gravity**

Apple Inc (ticker: AAPL) released the first iPhone in the United States on June 29, 2007. In 2008, Apple Inc. posted revenue of $7.9 billion for its fiscal 2008 fourth quarter ended September 27, 2008. According to Apple‚Äôs latest financial reports, the company‚Äôs current revenue (TTM) is $385.09 billion. **Apple has experienced unparalleled revenue growth, from just $8 billion (USD) in 2004 to more than $394 billion in 2022.**

Valued at over $2 trillion in 2021, Apple became the most valuable technology company in the world. Steve Jobs, the founder and CEO, was one of technology‚Äôs first ‚Äúrock stars‚Äù, able to sell hardware as more than a tool for work.

Jobs was fired from Apple in 1985, and the company saw a gradual decline over the 1990s. It struggled to compete with Microsoft's Windows, and computer manufacturers like Dell Computers, and Apple hardware sales fell.

On the verge of bankruptcy, and in a last-ditch effort to save the company, Apple brought Jobs back and installed him as CEO. Jobs then miraculously managed to get a $150 million loan from arch nemesis Bill Gates. This cash infusion allowed Apple to stave off bankruptcy, and also gave them the financial wherewithal to develop new products. Then Jobs hit a product homerun with the iPod. He turned the company‚Äôs fortunes around, launching iTunes and the iPod in 2001.

The release of the iPhone saw Apple ascend to one of the most valuable companies in the world, with revenue increasing from $37.4 billion in 2008 to $65 billion in 2010.

The success of the iPhone enabled Apple to launch new product categories, such as the iPad. Apple envisioned the tablet as a bridge between the smartphone and laptop, with the capabilities to be both. Yet, as iPhone revenues began to stagnate, Apple looked for new ways to generate revenue from the iPhone.

**Apple Uses iPhone Reverse Loss Leader Strategy?**

A loss leader strategy involves selling a product or service at a lower price that is not profitable. The product is sold cheaply to attract new customers, or to sell additional products and services to its existing customers. Although iPhone sales began to flag, after being on the market for the better part of a decade, Apple instituted what appears to be a reverse loss leader strategy by raising iPhone prices. And Apple used the high-priced iPhone to introduce customers to new services or products in the hopes of building a customer base and securing future recurring revenue.

Then Apple got into the headphone business. In 2014 Apple acquired Beats Music and Beats Electronic, which produced audio headphones, and had a subscription streaming music service, for $3 billion. The deal was the largest-ever acquisition by Apple, and brought Beats co-founders Dr. Dre and Jimmy Iovine to join Apple. The Apple earbuds, AirPods, were next, which paved the way for wireless headphones to become mainstream. Then Apple launched the Apple Watch in 2015, as an accessory to the iPhone which tracks various health and fitness metrics.

Apple has also built out its subscription services to include music and video streaming, video games, fitness and cloud storage. This segment alone generated $53 billion revenue in 2020, making it Apple‚Äôs second largest segment.

All eyes are on Apple‚Äôs next products, which may include a new virtual reality headset. The past few product launches have been smaller in scope, like the HomePod and AirPod. Yet, Apple fans are still somehow clamoring for the next iPhone, after almost two decades. 

*Note: Apple‚Äôs financial year ends in September.*

**Apple key statistics**

‚Ä¢	**Apple generated $394.3 billion revenue in 2022, 52% came from iPhone sales**

‚Ä¢	Apple Services is the second largest division, responsible for 19% of revenue in 2022

‚Ä¢	232 million iPhones, 61 million iPads and 26 million Mac and MacBook units were sold in 2022

‚Ä¢	Apple‚Äôs home and wearables division grew 7.3% in 2022

‚Ä¢	It sold 82 million AirPods and 53 million Apple Watches in 2022

‚Ä¢	Apple Music has 88 million subscribers, Apple TV+ has over 75 million",t3_141c8eg,1686079744.0,1
74,jn0ybcn,t1_jmzqd6a,"This is why I have a hard time buying Apple even though I'm bullish, they're already a significant portion of my portfolio.",t3_141c8eg,1685993342.0,25
75,jn0472w,t1_jmzqd6a,"To me, it‚Äôs one of those too-big-to-fail companies, that will be propped up even if it hits rough patches. I‚Äôm not worried if politicians and a huge swath of the population all have a stake in it.",t3_141c8eg,1685980862.0,1
76,jn1bh8e,t1_jmzqd6a,"Which is why I don't bother buying individual stocks at all.

I just invest in indexes and use individual stocks to trade on.",t3_141c8eg,1685998585.0,1
77,jmzlaxk,t1_jmzfue2,"Apple is an odd one. They somehow manage to turn tech into products much better than just about any other company. Every time something new happens in the industry such as cloud, streaming, etc. I always think Apple is done for and then they somehow figure out how to turn the tech into an appliance and sell it retail. It's quite amazing really.",t3_141c8eg,1685973073.0,59
78,jn0bxce,t1_jmzv4ly,"Depends, if I‚Äôm on my deathbed I‚Äôm taking it. If I‚Äôm a teenager, no way.",t3_141c8eg,1685983879.0,15
79,jn02g4n,t1_jmzv4ly,"A few years ago, yes..",t3_141c8eg,1685980186.0,2
80,jn08v3a,t1_jmzv4ly,"that's a good deal, no product is worth x10 the price and $10k investment can be lifechanging in the future, a mere phone will not.",t3_141c8eg,1685982696.0,-6
81,jn2im8p,t1_jmzv4ly,Galaxy 13 is fucking good,t3_141c8eg,1686017684.0,1
82,jn2j4h6,t1_jmzv4ly,"I recently made the change from Android to iPhone, and I don‚Äôt get this. I‚Äôd gladly take $10k, buy an equivalent Samsung, and back the rest. 

But I‚Äôve always found iPhones less intuitive to use than Android. So maybe I‚Äôm not the best case.",t3_141c8eg,1686017929.0,1
83,jn04dwr,t1_jmzlgcb,That‚Äôs the Reddit way.,t3_141c8eg,1685980938.0,12
84,jn08lnz,t1_jmzlgcb,sell now and buy etf,t3_141c8eg,1685982592.0,3
85,jn0bgu0,t1_jmzlgcb,Seems to be my MO with AAPL,t3_141c8eg,1685983702.0,1
86,jmzoidt,t1_jmzlwkm,Right and put the percentage gain they‚Äôd have today next to the comment if they‚Äôd bought.,t3_141c8eg,1685974489.0,14
87,jn0cjkc,t1_jmzlwkm,I will always remember the guys who said that AAPL should trade under $120 and that will be his entry point. This was serveral months post split I believe.,t3_141c8eg,1685984116.0,5
88,jmzm8l0,t1_jmzlcph,you should sell instead,t3_141c8eg,1685973490.0,-33
89,jmzf8no,t1_jmz9hc6,Bruh,t3_141c8eg,1685970173.0,37
90,jmzix69,t1_jmz9hc6,[deleted],t3_141c8eg,1685971969.0,57
91,jmzk62m,t1_jmz9hc6,You are going to get burned. Bad,t3_141c8eg,1685972555.0,8
92,jmz9hz3,t1_jmz9hc6,Join me,t3_141c8eg,1685967106.0,14
93,jmzngsk,t1_jmz9hc6,puts now at 180 are an even better bet!,t3_141c8eg,1685974038.0,5
94,jmzofhn,t1_jmz9hc6,F,t3_141c8eg,1685974454.0,6
95,jmzjyhx,t1_jmz9hc6,Whats your date of exp?,t3_141c8eg,1685972457.0,5
96,jn02hns,t1_jmznll2,also over priced,t3_141c8eg,1685980203.0,6
97,jmzrvpn,t1_jmznll2,F‚Äôin seriously,t3_141c8eg,1685975919.0,7
98,jn02zwd,t1_jmznll2,"Tesla is always overpriced but it is a very strong brand maintaining its market dominance thru price cuts. I‚Äôve the years they‚Äôll find ways to naturally cut costs and still sell teslas at lower price, all while having the coolest sleekest EV.",t3_141c8eg,1685980399.0,3
99,jn006at,t1_jmznll2,Underpriced. It's gonna _zoom_ this year.,t3_141c8eg,1685979290.0,-2
100,jn2804g,t1_jmznll2,Garbage,t3_141c8eg,1686012735.0,1
101,jmzqlrf,t1_jmzotxb,"Wall Street hates the other VR makers.

They trust apple with their lives (as they should).",t3_141c8eg,1685975379.0,18
102,jn08a0h,t1_jmzotxb,"Apple‚Äôs interest in VR adds a lot of legitimacy to the industry.  People loved trashing Zuckerbook for diving so deep into VR, but they forget that Google was the first and biggest player in the AR world with Google Glasses awhile back.  The problem was that they focused on utility without recognizing that it is just as much a fashion and status symbol.  Apple‚Äôs success with iPhones makes me confident in its savviness to join the AR/VR landscape.",t3_141c8eg,1685982465.0,11
103,jn1lg7o,t1_jmzotxb,The AR is the bigger piece here.,t3_141c8eg,1686002646.0,1
104,jn0ziwm,t1_jmzqf0c,Me and you both. Apple will always continue to grow.,t3_141c8eg,1685993866.0,2
105,jn3gro8,t1_jmzqf0c,I don't even like APPL products and I still buy it.,t3_141c8eg,1686040179.0,1
106,jn0aqgh,t1_jmztepg,"Going up and down 50% in half a year is hardly the function of any sane savings account. I‚Äôd be more than comfortable loading up in the 120-140 range, but being all in at 180+? No shot",t3_141c8eg,1685983420.0,7
107,jn0me29,t1_jmzv0eb,"I genuinely think if any company can make it work, it will be Apple. But it‚Äôs absolutely **not** going to be a Ready Player One situation at launch or anytime soon.

Their first headset will be like their first iPhone. It will focus on a handful of core functions, stuff already done by past of existing headsets, but the user experience will be vastly superior. Plus it will be sleek and fashionable. Price will be super high, which is probably the smart route, and if it takes off it won‚Äôt really be widespread until gen 3. 

They‚Äôll probably also announce a boosted Siri experience or plans for one. Maybe a partnership with a LLM company. VR is a space where having AI assistants to execute functions is a major user experience boost since navigate menus in VR really takes you out of the immersive experience.

Still bought $180P6/30 today. Scaling VR/AR production and their own AI is going to be $$$ to build and while I might get the market wrong this week I‚Äôm still fairly certain reality will sink into the models and the big dogs will take profit this month.",t3_141c8eg,1685987859.0,2
108,jmzvnj2,t1_jmzv0eb,"It‚Äôs also common knowledge that Ô£ø doesn‚Äôt reveal pricing until it‚Äôs ready to sell, so whatever the supply chain rumors are for BOM, they should be taken with a grain of salt.

Also previous rumors on pricing other new products have always been wrong.",t3_141c8eg,1685977467.0,1
109,jn1lql2,t1_jmzwnnz,"This is the PRO version and is aimed at devs, the rich and tech heads. In a few years they‚Äôll release a non pro version, which will simply be glasses, at half the cost and they‚Äôll be everywhere",t3_141c8eg,1686002770.0,3
110,jn1liz8,t1_jmzm2rl,AR isn‚Äôt risky. It is the future.,t3_141c8eg,1686002680.0,1
111,jn1j7y2,t1_jn1j0kv,"Only for the equity portfolio. More than half of BRK's enterprise value derives from its private subsidiaries such as geico.  In addition, there is the over 150 billion cash position.",t3_141c8eg,1686001719.0,2
112,jmzia9a,t1_jmzf318,We are?,t3_141c8eg,1685971659.0,16
113,jmzjt4h,t1_jmzf318,"WSJ says China ended zero Covid because Apple told them to

That‚Äôs the strongest power play I‚Äôve ever heard of",t3_141c8eg,1685972386.0,15
114,jmzgn5n,t1_jmzfmz0,It hit 183 at one point in premarket,t3_141c8eg,1685970869.0,9
115,jmzcs6g,t1_jmzcgt0,Porn says otherwise,t3_141c8eg,1685968921.0,23
116,jmzcwqk,t1_jmzcgt0,You obviously don‚Äôt have kids.,t3_141c8eg,1685968988.0,12
117,jmzf5pj,t1_jmzcgt0,Touchscreen phones with no physical keyboard were never gonna be a thing either.,t3_141c8eg,1685970131.0,11
118,jmzfefg,t1_jmzcgt0,"If there's a company that can convince people to get into the metaverse, it's probably Apple.",t3_141c8eg,1685970253.0,9
119,jmzeezl,t1_jmzcgt0,NYTimes article today asks this very question. Companies backing away as APPL gets ready to jump in. Hope they (APPL) are getting this right.,t3_141c8eg,1685969759.0,4
120,jmze2ze,t1_jmzcgt0,"You think once the technology gets better and people can experience the sight and sound of visual worlds as if they were real, people still won‚Äôt be interested?",t3_141c8eg,1685969590.0,4
121,jmzfmli,t1_jmzcgt0,"People didn‚Äôt want tablets until the iPad, smart phones were available but not popular until the iPhone, mp3 players existed but weren‚Äôt popular until the iPod, hell the home computer wasn‚Äôt mainstream until Apple. 

Idk. I want to want VR. I bought a quest 2 and it sits and languishes without decent apps. If anyone can do it, it‚Äôll be Apple.",t3_141c8eg,1685970367.0,2
122,jmzeb31,t1_jmzcgt0,...*right now,t3_141c8eg,1685969704.0,1
123,jmzfzx3,t1_jmzcgt0,Man I love my quest 2,t3_141c8eg,1685970551.0,1
124,jmzikhb,t1_jmzcgt0,"When it comes to tech, never say never.",t3_141c8eg,1685971797.0,1
125,jn0y04t,t1_jn0wuw3,"About the iPad, based on my anecdotal experience, it seems to be the device of choice in the workplace when working in the field.",t3_141c8eg,1685993183.0,5
126,jn1lytl,t1_jn0wuw3,"This isn‚Äôt for teens. This is a ‚ÄúPRO‚Äù product to develop the ecosystem for the non pro glasses version which every teen in the world will have in 5 years. 

And the iPad remains as the top selling tablet in the world by a ginormous margin.",t3_141c8eg,1686002867.0,1
127,jn2ndpx,t1_jn1w2i8,Debt first my friend.,t3_141c8eg,1686020016.0,2
128,jn0pc90,t1_jmzk614,I thought cars topped out at 5 year loans? imagine taking 10 fucking years to pay off a car.... get a cheaper car maybe? people are dumb.,t3_141c8eg,1685988979.0,19
129,jn02leu,t1_jmzk614,"Agreed sounds like a issuer problem more than a borrower problem. The loans should be underwater off the bat unless there is a huge down payment for something that devalues as quick as a new Pickup or new Phone.

The risk is probably worth it though to package up those high interest payments and the knowledge that the issuer probably gets bailed out of they all default at the same time.",t3_141c8eg,1685980244.0,18
130,jn0h30z,t1_jmzk614,"I just bought a new truck, wanted to pay cash but they give you a better deal to finance. I have an 800 credit score and got quoted 7% interest on a $60k truck. Nuts!  So I‚Äôll make 4 payments then pay off the loan. I have no idea how people are taking out these loans with such huge interest rates.",t3_141c8eg,1685985868.0,5
131,jn2sw6f,t1_jmzk614,Financial ignorance is a bigger epidemic than COVID-19.,t3_141c8eg,1686022895.0,2
132,jn1p454,t1_jmzk614,The credit system is micro-indentured servitude. Always has been,t3_141c8eg,1686004221.0,1
133,jmzg9io,t1_jmzezcs,The issue now is that Apple is trading at 32 P/E on flat revenues and flat EPS. They also now don't have any cash net debt.,t3_141c8eg,1685970683.0,58
134,jn1bap4,t1_jmzezcs,"The fact that people literally care if you have an iPhone is insane to me.

I remember my friend tellin me like a decade ago in college how I need to have an iPhone to get girls cuz they'll think I'm lame for having an Android and thinking it was so goddamn stupid.

But I've actually met many young women over the years and even to this day who pretty much supported his words and said comments about iPhones and looking down on Android users. It's simply insanity.",t3_141c8eg,1685998514.0,8
135,jn0waw0,t1_jmzezcs,"> status symbol among certain demographics,

You mean poor people",t3_141c8eg,1685992141.0,8
136,jmzpot2,t1_jmzezcs,I think if they dont lock in their VR headset to their ecosystem then that could be a game changer!,t3_141c8eg,1685974995.0,1
137,jn0wm69,t1_jmzezcs,"apple gonna sell a fuck ton of igoggles.

tens of millions of $3500-$4000 goggles

affordable AF",t3_141c8eg,1685992315.0,1
138,jn09e63,t1_jmzezcs,[removed],t3_141c8eg,1685982906.0,-9
139,jn1cmkk,t1_jmzezcs,VR/AR 100% will be a status symbol lol.,t3_141c8eg,1685999043.0,1
140,jmzra6z,t1_jmzo7ia,The more I hear ‚ÄòAAPL is overvalued‚Äô the more I start looking to buying some more shares. It‚Äôs like the market experts are investors as well‚Ä¶the ol‚Äô Jim Kramer uno-reverso,t3_141c8eg,1685975667.0,40
141,jmzpsdg,t1_jmzo7ia,"You cannot honestly tell me Apples financial performance over the last year was as good as in 2013, 2018, or 2021.",t3_141c8eg,1685975037.0,10
142,jmzmota,t1_jmzkfzo,">Been hearing they are overvalued since the iPhone first released in 2007

I got in AAPL when they was around around $600B.. Even then I was kinda thinking well maybe they are overpriced.. then fast forward to now.. sheesh. never thought I'd see a company punch through $2T at that pace.",t3_141c8eg,1685973691.0,21
143,jmzmbpd,t1_jmzkfzo,"Difference is in 2007 they were at 15 p/e and growing 20% 

Now they are 32 p/e and growing -3%",t3_141c8eg,1685973529.0,19
144,jn077un,t1_jmzkfzo,So since youve been hearing this since 2007 it means they will go up forever to infinity.,t3_141c8eg,1685982057.0,1
145,jmzj8yv,t1_jmzf30y,I was getting a new phone around tax season because I wanted a new phone just because and I saw TONS of people getting new phones. I asked the guy and he said it's tax season... where lower income families use their refund to get new phones,t3_141c8eg,1685972124.0,17
146,jmzfkqw,t1_jmzf30y,$1300 yes,t3_141c8eg,1685970341.0,19
147,jmzilxh,t1_jmzf30y,"A ton of people ‚Äúfinance‚Äù them through their phone provider too, not just directly with Apple.",t3_141c8eg,1685971817.0,8
148,jn019db,t1_jmzf30y,I‚Äôve seen 2 year loans but never seen people taking 5 year loans on phones. I‚Äôm curious to where op got their data.,t3_141c8eg,1685979719.0,3
149,jmzwiwt,t1_jmznoq6,"If you are buying a new one every year you are probably selling it or trading it in for the new one. This way they only have to pay 20 - 30 % of the price out-of-pocket. 

The used iPhone market is pretty big and even Apple is taking part in it.",t3_141c8eg,1685977819.0,1
150,jmzplxa,t1_jmzm97f,Security concerns? Such as?,t3_141c8eg,1685974961.0,9
151,jmzqdam,t1_jmzfxii,"Yeah $150 seems like the natural number to settle in on. What‚Äôs great though is they split what seems like often, and pay solid dividends - so naturally it‚Äôs motivating to investors to keep investing.",t3_141c8eg,1685975280.0,2
152,jn08c1l,t1_jmzfxii,I wouldnt buy it at $100 because Idk whats the point over etf at this valuation where sp is already overleveraged on these companies.,t3_141c8eg,1685982488.0,0
153,jn1dzdp,t1_jmzq0fi,"> but they are doing it right

We don't really know that yet. A minor slump in iPhone sales would still erase all their gains from other segments.",t3_141c8eg,1685999583.0,1
154,jn2hl5u,t1_jmzq0fi,None of which are as big as the iPhone or as guaranteed not are the margins great (net research),t3_141c8eg,1686017194.0,1
155,jmzppli,t1_jmzo1d4,So they are taking on permanent loans?,t3_141c8eg,1685975004.0,4
156,jn2holj,t1_jmzo9sk,I mean you could sell that phone open market and do the same.,t3_141c8eg,1686017239.0,1
157,jn2hr5g,t1_jmztidl,"Objectively speaking, none. Rationality based investing has been a net looser for me. So I just do things that are inverse rationality such as robbing banks and defaulting on my student loans",t3_141c8eg,1686017273.0,1
158,jn2hu8h,t1_jn1jws5,That's a smart deal,t3_141c8eg,1686017314.0,1
159,jn0i95p,t1_jn0472w,"I don‚Äôt see why it would be propped up. Sure, it would hurt it‚Äôs investors if it crashes. But that‚Äôs the game we play.",t3_141c8eg,1685986311.0,10
160,jn2hyf0,t1_jn0472w,"Banks went to $1-2 in 2008 and didn't get bailed out. They just bailed out the creditors. Equity is last served, first liquidated.",t3_141c8eg,1686017371.0,1
161,jn31e5a,t1_jn0472w,"Banking, insurance, agriculture, energy, transportation, utilities. Large companies in those industries will be bailed out because of systemic impact and contagion effect that could cause huge economic calamity impacting everyone. If Apple goes under tomorrow, we would still be going about our day minus a few lost dollars in some people's portfolio.",t3_141c8eg,1686028178.0,1
162,jmzvfju,t1_jmzlaxk,"Steve Jobs made it into a brand that everyone aspires to while Tim Cook has turned them into an efficient organization. They can now take on new ideas and deliver good products based on that idea.

A lot of companies pick the wrong CEO after their visionary founder leaves but Apple hit the jackpot with Cook.",t3_141c8eg,1685977376.0,25
163,jmzs10z,t1_jmzlaxk,"You‚Äôre absolutely correct! They turn products into something that becomes much more than tech - it‚Äôs becomes a simple talking point. When they pushed into using custom ARM chips over Intel - people squirmed and freaked out. Well, this turned out to be the best move they could have made in decades. They simplified the idea of a ‚Äòfast computer that can do something for everyone‚Äô - whereas other companies are scrambling to push the next Intel/AMD LONGSTRINGNUMBER CPU.",t3_141c8eg,1685975981.0,29
164,jn00fkv,t1_jmzlaxk,">	 They somehow manage to turn tech into products much better than just about any other company.

I think the thing that sets them apart is they‚Äôre usually not the front runners. They‚Äôre developing and researching the next step just like everyone else so they‚Äôre not behind but the don‚Äôt release it as soon as it‚Äôs ‚Äúready‚Äù. 

They don‚Äôt quite true to this on every product and it‚Äôs impossible to get it right immediately on everything, but Apple puts release off just late enough to add a little shine to it before release. This isn‚Äôt referring to the aesthetics of the products but the actual use. If you‚Äôre not the type of person to be an early adapter, then it‚Äôs perfect. You don‚Äôt have to worry about things not working cause the manufacturer tried to include half-baked functions that break everything else.",t3_141c8eg,1685979392.0,1
165,jn03dee,t1_jn02g4n,Try it now. I don‚Äôt think you‚Äôd have many takers.,t3_141c8eg,1685980542.0,15
166,jn0entc,t1_jn08v3a,"The downside is, you will never have an iPhone, and have to do with android for the rest of your life",t3_141c8eg,1685984942.0,12
167,jn0lj9v,t1_jn0cjkc,"If it should trade there, why would that be your entry point? That doesn't even make sense.",t3_141c8eg,1685987537.0,1
168,jmzw9y4,t1_jmzm8l0,Yeah definitely sell if you‚Äôre tired of making money,t3_141c8eg,1685977719.0,12
169,jmzpqx5,t1_jmzm8l0,[deleted],t3_141c8eg,1685975020.0,15
170,jmzwtn6,t1_jmzm8l0,What goes up must come down. Sell it. BTFP is keeping NASDAQ up.,t3_141c8eg,1685977939.0,-5
171,jn1bz9m,t1_jmzm8l0,You‚Äôre the apple put @ $183 guy right? How‚Äôd you know?,t3_141c8eg,1685998783.0,1
172,jmzfh44,t1_jmzf8no,Wym bruh soon the stock will cool down,t3_141c8eg,1685970290.0,-26
173,jmzl8mc,t1_jmzix69,Some like the pain. The brand is really strong.,t3_141c8eg,1685973044.0,12
174,jmzzbjz,t1_jmzix69,It‚Äôs like betting against the Harlem Globetrotters.,t3_141c8eg,1685978949.0,8
175,jmzv3ai,t1_jmzix69,"Grass grows, birds fly, sun shines, and brother.. Tim Apple cannot be defeated.",t3_141c8eg,1685977234.0,2
176,jn2pfpn,t1_jmzix69,[deleted],t3_141c8eg,1686021035.0,1
177,jmzml3i,t1_jmzjyhx,7/7,t3_141c8eg,1685973646.0,3
178,jn0cyom,t1_jn02zwd,Regarding your first sentence‚Ä¶and Apple doesn‚Äôt??,t3_141c8eg,1685984279.0,2
179,jn01l7j,t1_jn006at,Okay buying Zoom stock,t3_141c8eg,1685979847.0,3
180,jn04sfw,t1_jmzqlrf,"Doesn‚Äôt the newest iPhone dial 911 automatically if it detects you just got in a car crash? Apple can literally save your life, lol",t3_141c8eg,1685981098.0,6
181,jn0ojql,t1_jmzqlrf,"> Wall Street hates the other VR makers.

What are you talking about? Wall Street's love for Meta this year is second only to their love for Nvidia.",t3_141c8eg,1685988679.0,0
182,jn0culs,t1_jn0aqgh,"this is kind of making me feel a little bit better about something else. kicking myself about pulling out after a 77% drawn down in 2 years to pause for a second and then look it over. then pissed because it shot up over 50% in a month mostly over a weekend. if a stock is that volitale, maybe it is best to not have something like that in long term investments at a large share about that massively impacts the value of the account. almost like a crypto coin at that point...as an example, today I'm worth 100k, 6 mo later 23k, 36-40k.",t3_141c8eg,1685984234.0,1
183,jn2itrr,t1_jn0aqgh,Yeah I remember hating my apple stock roughly 5 months ago and wondering why people hated it at 18 FWD/PE.,t3_141c8eg,1686017784.0,1
184,jn1bkbu,t1_jmzvnj2,"You‚Äôre right, I got it wrong. $3500 instead of $3000",t3_141c8eg,1685998618.0,3
185,jn1xeyv,t1_jn1lql2,We'll see.,t3_141c8eg,1686007904.0,2
186,jmzmlb0,t1_jmzia9a,"Lol... forgotten about the spy balloons already?

Here's something more recent... don't worry... just minor.

https://www.nbcnews.com/news/world/us-releases-video-encounter-chinese-warship-taiwan-strait-rcna87669",t3_141c8eg,1685973648.0,-6
187,jmzmvuc,t1_jmzjt4h,"Here's a stronger power play.

Remember with the Faber Elon Musk interview?

China and Apple were brought up. Elon said Apple could easily drop 20% as they were over exposed to China. I know because I watched the original interview.

The next day you couldn't find that statement anywhere! Media totally hushed it up... it was like it disappeared. 

Apple ALWAYS gets a pass.",t3_141c8eg,1685973778.0,-3
188,jmzhjjn,t1_jmzf5pj,The internet is just a fad,t3_141c8eg,1685971307.0,7
189,jn05i17,t1_jmzeezl,"*AAPL

Double As get them near the top of any alphabetically ordered list.

That‚Äôs why I see a lot of small businesses calling themselves AA this, or AAA that. They get listed near the top of the phone book.",t3_141c8eg,1685981379.0,1
190,jn1r5ya,t1_jn0y04t,"Yea same here lol. Company issue iPad is the norm IF you are going to get one from your work. 


Tablet for drawing has been a niche since as a long as I can remember but now I‚Äôm finally seeing actual artist incorporate it into their work flow thanks to the iPad and the pencil.",t3_141c8eg,1686005128.0,1
191,jn6veal,t1_jn2ndpx,Thank you friend. You're right. Need to be debt free asap. It's fucking with my mental health.,t3_141c8eg,1686096241.0,1
192,jn0ysch,t1_jn0pc90,"Not quite 10, yet. I was exaggerating a bit but you can get loan terms up to a staggering 8 years or 96 months atm",t3_141c8eg,1685993550.0,6
193,jn2gz5v,t1_jn0pc90,"I had 800+ FICO credit. My truck was 0% 72 months when I bought in March 2019. I ‚Äúpay‚Äù extra each month into a savings account that‚Äôs used for major repairs and eventually my next down payment, but Ford isn‚Äôt getting a dime early.",t3_141c8eg,1686016905.0,1
194,jn2glw2,t1_jn0pc90,I remember some 108 month Hyundai loans during the NBA finals in 2020.,t3_141c8eg,1686016735.0,1
195,jn06r0y,t1_jn02leu,Do people actually take out loans for iPhones. I know most companies offer payment plans but I don‚Äôt think you‚Äôre paying interest on them the payment is just differed over time because most people can‚Äôt afford to pay $1000 at one time.,t3_141c8eg,1685981874.0,5
196,jn0vbx9,t1_jn0h30z,"Why make four payments? As someone who used to sell cars, check the terms, but my finance managers only told people they had to make 4 payments because if they don‚Äôt make at least 3, the finance guy doesn‚Äôt get his cut.",t3_141c8eg,1685991338.0,9
197,jn0hfrw,t1_jmzg9io,"""Flat revenue"" sounds bad until you look at the figures. Death, taxes, $45+ billion in iPhone sales per quarter.",t3_141c8eg,1685986000.0,16
198,jmzl2f0,t1_jmzg9io,They can pivot into anything with their massive cash pile and tax evading methods. The best route would be to build own foundaries in US or UK for in-house chip production.,t3_141c8eg,1685972965.0,41
199,jmzsti8,t1_jmzg9io,Earnings recession?,t3_141c8eg,1685976307.0,3
200,jn1dgqv,t1_jn1bap4,"One of the reasons I switched from the Galaxy Note to iPhone was because I felt Samsung threw in the towel and also almost every one and every girl I knew had an iphone. It‚Äôs really fucking rare to run into a girl without an iPhone. And people do treat android users differently, unless they really fucking like you. But yea, if you‚Äôre under 30, live in a somewhat populated area, especially big city this is true",t3_141c8eg,1685999378.0,5
201,jn2xcod,t1_jn1bap4,"Like 6 years ago I broke the screen on my iPhone and was using an android until I got it fixed.   One of my friends goes ‚Äúwhy are your texts green?‚Äù And then proceeds to hand me his old iPhone 8 and tells me to stop being poor.  


And yeah I‚Äôve seen first hand girls say stuff like ‚Äúhis first text better be blue‚Äù",t3_141c8eg,1686025538.0,2
202,jn4sedi,t1_jn1bap4,"This is one of the main reasons I use android, bcz I dont want to be part of group with such stupid people in it. This is why rich people should pick dates up in a beater and see how they are treated, if well, they may be a keeper, but if the person is a shallow and focused on shiny meanlingless shit it should be quickly apparent.",t3_141c8eg,1686066327.0,2
203,jmzsdlh,t1_jmzpot2,"why wouldnt they, isnt that a big part of their whole business, the ecosystem",t3_141c8eg,1685976124.0,24
204,jn1jafb,t1_jn0wm69,Maybe they can call them üëÅÔ∏èviews.,t3_141c8eg,1686001748.0,1
205,jn0a4bf,t1_jn09e63,[removed],t3_141c8eg,1685983185.0,8
206,jn0xrdd,t1_jmzra6z,Most of the people who say apple is overvalued neglect to factor in things such as the MOAT or great management into their valuation calculations,t3_141c8eg,1685993038.0,5
207,jn05x2w,t1_jmzra6z,There are much better opportunities out there today than $aapl,t3_141c8eg,1685981542.0,-8
208,jmzw9lc,t1_jmzpsdg,You can find the same article every year for the past 20 years.,t3_141c8eg,1685977715.0,22
209,jn06x7e,t1_jmzpsdg,I can tell you that the performance over a single year doesn't really matter.,t3_141c8eg,1685981942.0,2
210,jmzqooj,t1_jmzmota,I feel like Apple was born out of a culture of spiting the critics. Started with Jobs and has been continued with Tim to some extent. They‚Äôve faltered on some products - but always end up making it up somewhere else,t3_141c8eg,1685975413.0,9
211,jmzohqv,t1_jmzmbpd,You do realize that they are very different now? All they had was iPods and Macs then. If you think they should trade at 15 PE then you should not be investing in stocks.,t3_141c8eg,1685974481.0,14
212,jn098ly,t1_jn077un,"Not even close to what I am saying. I've been hearing mostly negative things about Apple and the death of the iPhone. Yet they continue to grow. As long as they continue their business model and provide excellent value for customers, I'm in. You can do whatever the fuck you want for all I care.",t3_141c8eg,1685982844.0,-1
213,jn052jy,t1_jmzfkqw,But where are you seeing 60 months?,t3_141c8eg,1685981208.0,5
214,jmzo15d,t1_jmzilxh,You mean the monthly contract where you pay it off every month? Most smartphones are paid off like that among US consumers. Not many people can drop $1300 on a whim,t3_141c8eg,1685974283.0,17
215,jn050ig,t1_jmzilxh,I‚Äôve only seen up to 30 month payments and that‚Äôs with 0 interest. Where are people seeing 60 months?,t3_141c8eg,1685981186.0,2
216,jmzqhoy,t1_jmzplxa,I‚Äôm not sure as I‚Äôm not a Samsung user but [this](https://www.forbes.com/sites/daveywinder/2022/04/09/serious-security-shock-for-millions-of-samsung-galaxy-android-9-12-users/?sh=62a3e3e75f20) probably caused my coworker‚Äôs husband to switched from Samsung.,t3_141c8eg,1685975332.0,6
217,jn22e3i,t1_jmzplxa,"Not what they're talking about, but if you use your phone for longer than 2-3 years and security patching is important to you, then iPhones are the obvious choice over an android phone. Android manufacturers are getting better, but their support is still abysmal compared to how long Apple is able to support their phones.",t3_141c8eg,1686010162.0,1
218,jn1du0z,t1_jmzqdam,Apple spent 6x or so more on buybacks than  what they paid out in dividends so I wouldn't say they're 'solid',t3_141c8eg,1685999523.0,0
219,jmzx7u3,t1_jmzppli,"The carriers are subsidizing the phones/discounting the phones, It is easier for people to pay 5/month to own a phone than to buy outright",t3_141c8eg,1685978101.0,2
220,jn2yo0m,t1_jn2hr5g,Ayo we got a badazz here lol,t3_141c8eg,1686026367.0,1
221,jn1kd8w,t1_jn0i95p,"Because it could probably decimate people‚Äôs 401ks. If AAPL fails, I‚Äôd want the US government to bail it out since mine and almost all American‚Äôs 401ks are invested in AAPL.",t3_141c8eg,1686002195.0,-3
222,jn2ieji,t1_jmzvfju,Would be interesting to see what happens when Cook moves on,t3_141c8eg,1686017582.0,1
223,jn083yn,t1_jn00fkv,I think it's more their ability to turn tech into a retail good instead of just relying on the *AAS approach.,t3_141c8eg,1685982400.0,2
224,jn09xis,t1_jn03dee,"You realize like half the country is living paycheck to paycheck right? Only a billionaire should be that out of touch. I guarantee you you‚Äôd have hundreds of millions of takers. Idk if I would, but js",t3_141c8eg,1685983112.0,-7
225,jn0y4ud,t1_jn0entc,Honestly tho let‚Äôs be serious the googel phone is probably not that bad if all I need is a phone that can play YouTube and run Reddit,t3_141c8eg,1685993254.0,2
226,jn1e0a6,t1_jn0entc,Unless Microsoft brings back the Windows Phone.  Their app store was what was lacking but they made some nice phones.,t3_141c8eg,1685999593.0,2
227,jn0ua45,t1_jn0entc,Sounds fine to me.,t3_141c8eg,1685990894.0,6
228,jn0fo0g,t1_jn0entc,"That's an upside, having access to your folders alone is worth it.",t3_141c8eg,1685985327.0,-2
229,jn1i464,t1_jn0entc,Don't threaten me with good time,t3_141c8eg,1686001264.0,1
230,jn1dsug,t1_jmzw9y4,yeah how about it,t3_141c8eg,1685999510.0,1
231,jn0m2ag,t1_jmzpqx5,.. It literally hit a new ATH just now..,t3_141c8eg,1685987736.0,3
232,jn1dd5i,t1_jn1bz9m,I got hammered but looks like i was right,t3_141c8eg,1685999339.0,2
233,jmzg0em,t1_jmzfh44,And then you woke up,t3_141c8eg,1685970557.0,39
234,jmzta1o,t1_jmzfh44,Sure it will bro,t3_141c8eg,1685976498.0,2
235,jn0t62c,t1_jmzl8mc,That‚Äôs honestly underselling it. Blackberry had a ‚Äúreally strong‚Äù brand. Apple has complete cultural dominance over everyone under 30 in the US. And anecdotally they seem to have increasingly become the default option for boomers too at this point.,t3_141c8eg,1685990444.0,4
236,jn1kml4,t1_jmzzbjz,I thought the Generals were due!,t3_141c8eg,1686002301.0,3
237,jmzmvy6,t1_jmzml3i,How many contracts did you pick up?,t3_141c8eg,1685973780.0,3
238,jn0y62d,t1_jn0cyom,"I mean I think they are both well ‚Äúover priced‚Äù but will always justify it down the road. It‚Äôs just that they have given us no indication as to why yet, but you should have faith in both companies",t3_141c8eg,1685993271.0,0
239,jn08j7v,t1_jn04sfw,It‚Äôs truly these types of little thoughtful additions that make people trust Apple so much.  I have to think almost every parent would love that feature to be on their children‚Äôs phones.,t3_141c8eg,1685982566.0,4
240,jn0qgf5,t1_jn0ojql,"Wall street started loving Meta the moment they drastically cut their VR stuff and returned to core FB things.

Nvidia's success is barely attached to VR.",t3_141c8eg,1685989403.0,1
241,jmzzeca,t1_jmzmlb0,"Edit: I decided to redact my posts because this subreddit should be a place for discussing stocks, not politics.",t3_141c8eg,1685978981.0,4
242,jn6wonm,t1_jn6veal,Youll have to pay them off anyway so why not get rid of the interest.,t3_141c8eg,1686096834.0,2
243,jn2wpfv,t1_jn0ysch,Dude lots of people take out five year loans then 2-3 years later upgrade and the dealership just rolls the previous loan on top of the new loan and those people are easily pushing 9-10 years and then say ignorant shit like ‚Äúmy payment is the same but I‚Äôm driving a much better car!‚Äù,t3_141c8eg,1686025140.0,6
244,jn15gdz,t1_jn0ysch,"that's wild. it's a depreciating asset, people shouldn't be going broke paying interest on cars that will lose half their value before it's paid off... /facepalm",t3_141c8eg,1685996239.0,3
245,jn44rtd,t1_jn0ysch,I know this isn‚Äôt the norm but I got a 2.69% interest rate on my last car purchase so I took the max length loan possible. I think it was 7 years offered at the time.,t3_141c8eg,1686056453.0,1
246,jn2k4i4,t1_jn2gz5v,Your 0% 72mo loan has the interest already priced in lol,t3_141c8eg,1686018408.0,11
247,jn2pcwl,t1_jn2gz5v,I concede that it makes sense for anyone with a 0% loan yes.,t3_141c8eg,1686020996.0,1
248,jn085fw,t1_jn06r0y,"If you finance it through Apple it's 24 months, no interest. Which is technically a zero interest loan.",t3_141c8eg,1685982416.0,23
249,jn1ahso,t1_jn06r0y,I'm paying off my $600 phone as a part of my plan because it's 0% APR and now I have a little more cash in the bank.,t3_141c8eg,1685998198.0,2
250,jn08j54,t1_jn06r0y,"Ye-yeah... what you're describing is a 0%* loan for the value of the iphone 

The * you're missing is it's only 0% if the payments are on time, otherwise they charge you interest & fees. It's not the value of the phone over that period of time whenever you feel like it",t3_141c8eg,1685982565.0,3
251,jn0hmgs,t1_jn06r0y,People even take out loans for sunglasses.,t3_141c8eg,1685986069.0,1
252,jn0zvrh,t1_jn0vbx9,"I‚Äôll check that. I was just told I have to make four payments but maybe that‚Äôs why. Thanks for letting me know, 1st new car purchase so this is my first rodeo with car loans.",t3_141c8eg,1685994014.0,6
253,jn17ty5,t1_jn0vbx9,Holy shit is that legal? Doesn‚Äôt the paper work say no prepayment penalty? Fucking scum bags at the dealerships!,t3_141c8eg,1685997166.0,6
254,jn1c9ic,t1_jn0vbx9,"When dealerships say you can skip the first month, are they lying?",t3_141c8eg,1685998897.0,1
255,jmzlgze,t1_jmzl2f0,"Apple doesn't have a massive cash pile. This is literally fake news as of 2023. 

What Apple can do is pay for any CapEx with FCF, optimally by raising debt at 4.5% rates (as they just did for buybacks). This enables them to confidently invest in new projects and steal others ideas/improve them (such as AR/VR).",t3_141c8eg,1685973149.0,-34
256,jn2h0x5,t1_jmzl2f0,"https://www.marketwatch.com/story/apple-is-about-to-rain-billions-more-on-investors-as-cash-position-shrinks-f98121b1

As of June 1st, Apple should have only ~$15-30b of net cash. This is because of their most recent dividend boost and buybacks. Source provided 

Stop downvoting me, angry people.",t3_141c8eg,1686016928.0,1
257,jmzwddc,t1_jmzsdlh,"I know but I think VR market is still at its infancy. Given the quality of Apple's hardware, if they allow cross compatibility then they would likely be able to sell more units, given the current VR market conditions",t3_141c8eg,1685977758.0,1
258,jn0g5um,t1_jn0a4bf,[removed],t3_141c8eg,1685985516.0,-1
259,jn085ag,t1_jn05x2w,And riskier.,t3_141c8eg,1685982415.0,3
260,jn086ps,t1_jn05x2w,Tell us more Mr Buffett.,t3_141c8eg,1685982430.0,1
261,jn0i7bu,t1_jn05x2w,"After Berkshire sold part of its AAPL shares, even when it still held so many, Warren said it was likely a mistake.",t3_141c8eg,1685986291.0,1
262,jn02k1z,t1_jmzw9lc,Sure and I see articles saying Apple should be worth $10 trillion by 2030.,t3_141c8eg,1685980230.0,2
263,jn07h0i,t1_jn06x7e,So you're saying the crazy COVID rip higher in earnings is likely to be repeated with 5.25% rates?,t3_141c8eg,1685982154.0,1
264,jmzpf1l,t1_jmzohqv,I don't think they are the same. But they aren't completely different companies either. Apple still makes 75% of its revenue from hardware.,t3_141c8eg,1685974879.0,5
265,jn1rdwm,t1_jmzohqv,Why does that matter? The point is AAPL is richly valued today and growth is negative. Why buy apple stock with a 3% earnings yield and no growth when you could buy a tbill with >5% yield?,t3_141c8eg,1686005226.0,4
266,jmzwmxc,t1_jmzohqv,"Yes, they got more products and more sources, but their revenue grew around two times in 8-9 years. Stock price went up 800-900%. Yes, the business is growing somewhat, but this is not reasonable. Where is the upside justifying this price to buy it right now? The company will grow 2, 3 times any time soon?",t3_141c8eg,1685977864.0,-1
267,jn0822o,t1_jn052jy,I saw it during 2020-2021 with the finance apps,t3_141c8eg,1685982381.0,2
268,jmzpozz,t1_jmzo15d,"Yes, those",t3_141c8eg,1685974997.0,1
269,jmzw8sw,t1_jmzqhoy,Not sure if that was ever proven,t3_141c8eg,1685977706.0,1
270,jmzxoub,t1_jmzx7u3,Yes but they are indirectly paying for a phone plan they don't need,t3_141c8eg,1685978294.0,4
271,jn3zhra,t1_jn2yo0m,I'm just attempting to take things to the absurd for humor. Sadly I'm a boring person,t3_141c8eg,1686053717.0,1
272,jn1p2lx,t1_jn1kd8w,"Generally bailouts are done because a company‚Äôs failure is judged to be a systemic economic risk. Banks are insured to prevent widespread panic that would threaten the entire banking system. If Apple sales plummet and their stock falls, there‚Äôs not much of a case for economic contagion imo.

Sometimes huge companies implode or, more often, gradually decline. The government is not for helping you with your portfolio losses.",t3_141c8eg,1686004202.0,9
273,jn2ish9,t1_jn1kd8w,"Stockholders rarely get anything if there‚Äôs a ball out. As an example, GM today and GM of 2007 are literally not the same company",t3_141c8eg,1686017767.0,1
274,jn0m7e5,t1_jn0fo0g,Sounds like you haven't used an Apple phone in at least a few years.,t3_141c8eg,1685987789.0,9
275,jn0o1ua,t1_jn0m2ag,[deleted],t3_141c8eg,1685988494.0,0
276,jn1f5gq,t1_jn1dd5i,Yeah you called it,t3_141c8eg,1686000053.0,1
277,jmzgmkk,t1_jmzg0em,Let me guess you think only stocks go up,t3_141c8eg,1685970860.0,-17
278,jmzn37j,t1_jmzmvy6,"I think that‚Äôs irrelevant, I‚Äôm giving you a tip off",t3_141c8eg,1685973872.0,-12
279,jn1fywr,t1_jn0qgf5,"> Wall street started loving Meta the moment they drastically cut their VR stuff and returned to core FB things.

Exactly my point, Wall Street hates VR because it'll take too long to become profitable. They don't want to see companies work on VR. Apple stock dropped today after the event so clearly Wall Street wasn't on the happy side of things.",t3_141c8eg,1686000383.0,1
280,jn01uot,t1_jmzzeca,[removed],t3_141c8eg,1685979950.0,-3
281,jn6xyua,t1_jn6wonm,I'm hoping that one of the stocks I'm holding blows up so I can make enough to sell and pay it all off vs just a small chunk of it,t3_141c8eg,1686097424.0,1
282,jn2l2wq,t1_jn2k4i4,"It does. It was still a better deal than taking the incentives at the ~4.2% rate at the time. Factoring in the extra I‚Äôm paying a month, it was a bit worse, but there‚Äôs value for me in the flexibility of having that extra money sitting in a savings account rather than committed to early payments.",t3_141c8eg,1686018879.0,8
283,jn0qxww,t1_jn085fw,and with inflation how it's been its actually a good deal for the buyer,t3_141c8eg,1685989588.0,15
284,jn19ss8,t1_jn17ty5,Exactly! Always read your paperwork and understand what's there. It will likely contradict what the salesperson told you.,t3_141c8eg,1685997930.0,4
285,jn1gj3v,t1_jn1c9ic,"Not likely, since that‚Äôs pretty common. When I bought a car (from myself) I didn‚Äôt take that offer because even though you don‚Äôt have to make the payment, interest still accrues on that amount. Negligible for plenty of purchases, but as always, read the terms.",t3_141c8eg,1686000609.0,1
286,jmzn60e,t1_jmzlgze,"> Apple doesn't have a massive cash pile. This is literally fake news as of 2023.

Would you mind expanding on this? Just cause there balance sheet says otherwise",t3_141c8eg,1685973907.0,30
287,jn09lc4,t1_jmzwddc,">I know but I think VR market is still at its infancy.

Hasn't it been in its infancy for almost a decade now?  At a certain point we kinda gotta recognize that wearing shit on your eyes is a no-go.",t3_141c8eg,1685982983.0,2
288,jn0jrm2,t1_jn0g5um,[removed],t3_141c8eg,1685986879.0,2
289,jn0s2pw,t1_jn0g5um,">	Ooooo we wouldn‚Äôt possibly want a teenager to feel left out by those with $1500 phones.

No you wouldn‚Äôt want a teenager to be left out from every communication with their peers. If their friends all communicate via Apple-exclusive apps then you might as well give them two cans and a string instead of an Android. 

And again: You don‚Äôt need to give them the latest flagship phone. A refurbished iPhone 11 or so will do just as well for that purpose.",t3_141c8eg,1685990021.0,4
290,jn0guj6,t1_jn085ag,">And riskier.

For sure, I mean msft and aapl are probably the safest stocks out there. But at same time less risk = lower expected return. 

If you're happy paying a huge premium and ok with mediocre returns for the next 5-10 years than all means $aapl is a great buy",t3_141c8eg,1685985778.0,2
291,jn098zv,t1_jn086ps,"I'm not saying aapl is a bad buy. It's one of the safest stocks you can get and will 100% be higher 5-10 years from now. But you're paying a huge premium and so unless you're happy with mediocre returns there's better opportunities that you can find...

Same goes for msft tbh",t3_141c8eg,1685982848.0,2
292,jn1iy6s,t1_jn07h0i,Why would interest rates matter for Apple earnings?,t3_141c8eg,1686001607.0,2
293,jmzq2lp,t1_jmzpf1l,"And your point? The more hardware they sell, the more service they sell. Why is it a negative that they make 75% from hardware? iPods from 2007 are not the same as iPhones in 2023.",t3_141c8eg,1685975155.0,7
294,jn1s2ju,t1_jn1rdwm,Go buy your Tbills and stop crying.,t3_141c8eg,1686005529.0,1
295,jmzwzcr,t1_jmzwmxc,OK short it then big guy. Put your money where your mouth is.,t3_141c8eg,1685978004.0,-2
296,jn09346,t1_jmzw8sw,You clearly didn‚Äôt even read the article. The researchers who found the exploit reproduced it on multiple phones with multiple versions of android.,t3_141c8eg,1685982784.0,1
297,jmzye64,t1_jmzxoub,Who says that they don't need a phone plan. Phones are today integral aspect of day to day lives. They will pay for the phone plan anyway. By the way the carriers subsidize both Apple or Android phones. Android flagships are equally expensive as Apple and they are discounted too.,t3_141c8eg,1685978579.0,5
298,jn5b2zm,t1_jn3zhra,Nah you good fam,t3_141c8eg,1686073821.0,1
299,jn39v6h,t1_jn0m7e5,I'm using it every day but only at home for videocalls but for daily use the battery in iphones is a joke and I think my 5 year older first Xiaomi phone model produced has still better battery than that piece of trash.,t3_141c8eg,1686034426.0,0
300,jn0s9s6,t1_jn0o1ua,"Oh my apologies, I misread your initial comment and thought you said ""isn't a good buy today"". No I totally agree with you!",t3_141c8eg,1685990095.0,1
301,jmzq68v,t1_jmzgmkk,Let me guess you think you can time the market,t3_141c8eg,1685975197.0,30
302,jmzm7cj,t1_jmzgmkk,Don‚Äôt fight the üçè,t3_141c8eg,1685973474.0,4
303,jmzry3r,t1_jmzgmkk,I think lots of things go up,t3_141c8eg,1685975947.0,1
304,jn07t22,t1_jmzgmkk,Dude. It was underpriced at $130 a few months ago. It will be worth more than $160 and really may stay above that forever from now on.,t3_141c8eg,1685982284.0,1
305,jmzncqn,t1_jmzn37j,Just curious how screwed you are.,t3_141c8eg,1685973988.0,17
306,jmzrorf,t1_jmzn37j,You're gonna get railed up the ass my guy,t3_141c8eg,1685975839.0,6
307,jn1izzb,t1_jn1fywr,1) Wall Street has known apple was doing VR for much longer than today. 2) The stock didn‚Äôt drop.,t3_141c8eg,1686001627.0,1
308,jn06jg9,t1_jn01uot,[deleted],t3_141c8eg,1685981790.0,1
309,jn0s87n,t1_jn0qxww,"I'll be honest I have the Apple Card and used this option for a MacBook air. 

To be clear, I could afford it liquid but a 0% interest monthly payment let me use that lump sum elsewhere like rent/savings. 

So I got 3% cashback and more liquidity. However! Obviously a slippery slope for people who potentially won't make a payment on time/can barely afford it.",t3_141c8eg,1685990079.0,22
310,jn1lfxp,t1_jn1gj3v,Yea I think that‚Äôs where I got fucked,t3_141c8eg,1686002642.0,1
311,jmzpjwc,t1_jmzn60e,"Apple's net cash is ~$15b as of Q1 2023. 

They have debt now.",t3_141c8eg,1685974937.0,-18
312,jn0lv66,t1_jn0jrm2,[removed],t3_141c8eg,1685987663.0,-1
313,jn0upei,t1_jn0s2pw,"I honestly don't give a fuck.   It's idiotic that teens have to have a phone in the first place.    They're losing all ability to carry a normal conversation.

In fact studies are starting to link excessive phone use with depression in teens, something I've been saying for years.

It's cool you value communication so much you're willing to sacrifice a wad of money for it.   It's not high on my priority list as a parent to care.

My job is food, shelter, teaching my kids right from wrong.   No where is a cell phone a life necessity at all.",t3_141c8eg,1685991071.0,0
314,jn0qzbp,t1_jn0guj6,"Not sure why folks are downvoting you. It‚Äôs a valid point, I was just pointing out about the risk which, agree, like you pointed out, more risk better rewards assumption.",t3_141c8eg,1685989602.0,1
315,jn0r0nn,t1_jn0guj6,"Not sure why folks are downvoting you. It‚Äôs a valid point, I was just pointing out about the risk which, agree, like you pointed out, more risk better rewards assumption.",t3_141c8eg,1685989617.0,1
316,jn1hjee,t1_jn0guj6,"Not sure why folks are downvoting you. It‚Äôs a valid point, I was just pointing out about the risk which, agree, like you pointed out, more risk better rewards assumption.",t3_141c8eg,1686001024.0,1
317,jn0urme,t1_jn098zv,Don't worry about the downvotes - they are only looking at potential upside (mediocre as you mention) without considering downside risk. Buffet will pour his money into things that may not have sexy upside but also have very limited downside risk. Opposite of the FOMO mentality on display here in this sub and market news media.,t3_141c8eg,1685991097.0,2
318,jn1kn1s,t1_jn1iy6s,Wut,t3_141c8eg,1686002306.0,1
319,jmzwckj,t1_jmzq2lp,Hardware is more suspectible to consumer spending slowdown.,t3_141c8eg,1685977748.0,-2
320,jn1sn98,t1_jn1s2ju,Alright man. Hope your vibes-based investment strategies work out for you.,t3_141c8eg,1686005782.0,1
321,jmzy7qc,t1_jmzwzcr,"Market can stay irrational yadda yadda. Shorting is not my thing. But my questions weren't rhetorical, where is your investing case justifying buying now coming from? I'm truly interested. Is it just ""don't bet against Apple, stocks go up""?",t3_141c8eg,1685978506.0,3
322,jn07m8v,t1_jmzwzcr,"its just better to ignore it and put money somewhere else? why not just buy sp? idk whats the point of buying such an overpriced mega cap stock, etf is the same as apple but without the dowside of trend change.",t3_141c8eg,1685982211.0,-1
323,jn0atb0,t1_jn09346,"I did. I then saw that it was patched shortly thereafter. Apple also has security issues and has been hacked into before, although this was only done by an Israeli and Swedish company.",t3_141c8eg,1685983450.0,0
324,jn02fe5,t1_jmzye64,"What? People vastly overpay for plans. 

Mint for example provides the same service to a family of 4 for 30% the cost.",t3_141c8eg,1685980178.0,0
325,jn3oexb,t1_jn39v6h,"Ah, even worse. Then you just didn't see the ""Folders"" app on your phone or something, but decided to complain about it not existing?

And then switch to the battery life for some reason? My now almost 4 year old iPhone 11 Pro Max still has pretty much the same battery life as it did when it was new. So again, not sure where you get your stats from. Maybe yours has a busted battery? You can usually get those replaced for free by Apple.",t3_141c8eg,1686046638.0,1
326,jmzrkhn,t1_jmzq68v,"You can, aka buy low sell high, unless you're actually suggesting that $184 is Apple's ""low.""",t3_141c8eg,1685975789.0,-2
327,jn0la1f,t1_jn07t22,Keep dreaming now at an all time high. You people are like addicts who keep chaising the highs,t3_141c8eg,1685987441.0,1
328,jn06ula,t1_jn06jg9,"Got me.

Good luck pal.",t3_141c8eg,1685981912.0,1
329,jn1b0ra,t1_jn0s87n,Never a bad idea to turn down free money.  0% interest is almost always worth taking advantage of,t3_141c8eg,1685998404.0,8
330,jn2zt5z,t1_jn0s87n,"I'll put on my dad hat and offer up that there is a bit of psychology that can work against you here. Just because you can pay cash for something and the 0% no interest offer is on the table doesn't mean you should take it. This is just a method retailers use to bait the masses into buying things they would otherwise scrutinize much harder over.

On top of that, many just see the extra cash in their bank acct and would be prone to spend it vs saving/ investing that amount. So that $1000 deferred MacBook is now that plus a PS5 and some games.

This is why I buy everything in cash, so I can see it drain immediately from my checking account and not have a false sense of security about how liquid I am (or my net worth). Not everyone needs this but I find this to be a great mental exercise in discipline and financial accountability.

That said, if you were going to buy the laptop anyway and are truly investing that money you would've paid all at once, go nuts. üôÇ",t3_141c8eg,1686027118.0,2
331,jn056sk,t1_jmzpjwc,"If you figure it‚Äôs correct and I didn‚Äôt check it, that‚Äôs enough to buy some small F500 Companies in cash",t3_141c8eg,1685981256.0,10
332,jn0sc1w,t1_jn0lv66,[removed],t3_141c8eg,1685990120.0,1
333,jn10k4i,t1_jn0upei,">	It‚Äôs idiotic that teens have to have a phone in the first place.

It‚Äôs idiotic that kids have to learn to read in the first place. 

 - Some guy in the 17th century. 

Smartphones and everything that comes with them are a part of our lives the same way linear media used to be a few decades earlier and other stuff before that. Just because you don‚Äôt like it doesn‚Äôt change it. 

>	They‚Äôre losing all ability to carry a normal conversation.

No. They are just losing the ability to carry a conversation with people outside of their generation. The same way every other generation before them had a different way of talking and communicating from the generation before them. 

>	In fact studies are starting to link excessive phone use with depression in teens, something I‚Äôve been saying for years

I‚Äòd like to see those. Normally studies link excessive consumption of **social media** with depression. The same way the heroine chic of earlier times was linked with eating disorders in teenage girls. The m
edium isn‚Äôt the problem but the content. 

>	It‚Äôs not high on my priority list as a parent to care.

It should be. Teenage years spent cut off from a huge part of their peer group are problematic, to say the least. 

Who gets bullied? Those that don‚Äôt fit in and thus present an easy target. When I was a teenager, wearing the wrong clothes made you an easy target. Now it‚Äôs the wrong type of phone. 

>	No where is a cell phone a life necessity at all.

That ended ca 2005. 

>	you‚Äôre willing to sacrifice a wad of money for it.

Meh. Switching every 2 or 3 years costs me about 400‚Ç¨ each time. Not really breaking the bank there. 

And because it apparently didn‚Äôt sink in the first two times: You don‚Äôt need to get her the latest flagship model to allow her to participate in her friends communication. It‚Äôs not like an up-to-date Android is that much cheaper. Just let her switch systems if that‚Äôs what she wants.",t3_141c8eg,1685994291.0,2
334,jn1kvwv,t1_jn1kn1s,Did I stutter?,t3_141c8eg,1686002408.0,2
335,jmzwvrn,t1_jmzwckj,Yes clearly given Apple's last 17 years of making iPhones.,t3_141c8eg,1685977963.0,10
336,jn2ic86,t1_jn1sn98,I don‚Äôt need to use my vibes for investing. I will be retiring in a year thanks to AAPL at age 49. Hope your Tbills work out for your retirement.,t3_141c8eg,1686017552.0,0
337,jmzz2h2,t1_jmzy7qc,I'm not buying now. Just reinvesting dividends from shares bought since 2007.,t3_141c8eg,1685978849.0,4
338,jn0e8xk,t1_jn0atb0,So why claim it was never proven? You clearly know that the exploit existed and was fixed. Where has anybody said Apple doesn‚Äôt have security issues?,t3_141c8eg,1685984782.0,1
339,jn08m4h,t1_jn02fe5,"Ah yes, the ‚Äúsame‚Äù service, where you have throttled speed and the lowest priority on busy towers compared to the company whose towers the budget companies are renting. 

They‚Äôre great if all you do is text and call, but they are noticeably slower when it comes to anything that requires lots of data.",t3_141c8eg,1685982597.0,5
340,jn08d9x,t1_jmzrkhn,"It was low at $130 a few months ago. Even if it does go down $184 is not high. It will just mean it is low again. Truth is ""high"" as in sell this stock high for a company that might well be dominating consumer products globally for the rest of this century might be more like $1000 today.

I buy when it is clear the price implies owner earnings that can easily be exceeded over a foreseeable future.

I am not buying at $184 but I am not selling either, Apple is growing at a good pace and will continue to do so for decades to come.",t3_141c8eg,1685982502.0,1
341,jn0ij20,t1_jmzrkhn,‚ÄúJust buy low and sell high bro it‚Äôs that simple‚Äù,t3_141c8eg,1685986416.0,1
342,jn1hnq5,t1_jn0la1f,"You realise that earnings compound right? You'd expect the value of a successful firm that is able to grow their earnings to... grow.

Apple has plenty of room to become a company twice as valuable as it is now. If so, then even if it is at an all time high and is 90% over value I would expect the long term trend to be up.

What do you think it is worth and why do you think it will fall?",t3_141c8eg,1686001073.0,1
343,jn07xuv,t1_jn06ula,I'll take you seriously when you post your puts. You don't have money on the line cause deep down you know it's a bad call.,t3_141c8eg,1685982335.0,1
344,jn1poms,t1_jn1b0ra,This comment has me scratching my head,t3_141c8eg,1686004475.0,1
345,jn07lz9,t1_jn056sk,Okay? Apple used to have $170b cash on hand in 2019.,t3_141c8eg,1685982208.0,3
346,jn0ucvx,t1_jn0sc1w,[removed],t3_141c8eg,1685990926.0,1
347,jn2cv4h,t1_jn1kvwv,Interest rates are discount rates which directly affect all stocks,t3_141c8eg,1686014986.0,1
348,jmzxxs5,t1_jmzwvrn,Sure and hardware P/E trades at 12 P/E industry average,t3_141c8eg,1685978396.0,2
349,jn2rpt0,t1_jn2ic86,"Did you buy your shares when the PE was 30 with negative earnings growth, or years ago when the multiple was lower and the growth prospects stronger?",t3_141c8eg,1686022244.0,1
350,jn0115w,t1_jmzz2h2,I do the same. Shares acquired from 2007-2014 while working there and reinvested the dividends. I‚Äôve made a good chunk of change off of it.,t3_141c8eg,1685979630.0,4
351,jn0gu7v,t1_jn0e8xk,"I meant proven as being used. 

Some security flaws are caught by investigators before they are exploited.",t3_141c8eg,1685985774.0,-1
352,jn0b1pt,t1_jn08m4h,"There's actually no definitive proof of the throttling being limited to just Mint (it also happens to regular customers) and 99% of people don't even notice it when that happens. 

Feel free to prove me wrong. This is based on a study I saw in 2022, of course I myself don't use Mint though since I rather not be a guinea pig.",t3_141c8eg,1685983540.0,0
353,jn0jesq,t1_jn08d9x,It's definitely overvalued at present.,t3_141c8eg,1685986747.0,1
354,jn0j29w,t1_jn0ij20,It literally is yes o.o,t3_141c8eg,1685986617.0,1
355,jn08q4p,t1_jn07xuv,"I'll never take you seriously as you're not a serious investor.

To ignore the geo-political risk in Apple is a major error.

But I do hope it works out for you.

Good luck.",t3_141c8eg,1685982641.0,1
356,jn1r0og,t1_jn1poms,"If you buy something but you are allowed to pay over time with zero interest, until you pay it you can use that money to make more money.  

It‚Äôs easier to grasp with higher cost purchases like with a $10,000 amount, but even among low income people without much savings there are still many benefits to being allowed to pay slowly.",t3_141c8eg,1686005063.0,5
357,jn083ia,t1_jn07lz9,What did they spend it on,t3_141c8eg,1685982395.0,6
358,jn3aze4,t1_jn2cv4h,Which impacts stock prices. Now what is the mechanism that interest rates have to impact Apple's *earnings*?,t3_141c8eg,1686035306.0,1
359,jn1dehb,t1_jmzxxs5,Have you checked Apple's margins? If you're talking about 'industry average' you clearly haven't...,t3_141c8eg,1685999353.0,1
360,jn01i2g,t1_jn0115w,Congrats. I will be retiring early thanks to Apple.,t3_141c8eg,1685979813.0,2
361,jn0flif,t1_jn0b1pt,"Yeah everyone can get throttled, but what I‚Äôm saying is the budget plans just start off with a lower priority in the first place. Best link I could find explaining it. 

https://coveragecritic.com/mobile-phone-service/qci-qos-class-identifiers-explained/",t3_141c8eg,1685985300.0,2
362,jn1hqrr,t1_jn0jesq,What do you think is its value?,t3_141c8eg,1686001108.0,1
363,jn0jgrp,t1_jn08q4p,Of course there are geopolitical risks to consider in Apple. You were talking about war.,t3_141c8eg,1685986767.0,1
364,jn08aii,t1_jn083ia,Buybacks,t3_141c8eg,1685982471.0,6
365,jn0jawo,t1_jn083ia,Hot Pockets,t3_141c8eg,1685986707.0,1
366,jn0gckg,t1_jn08aii,Damnit of course they did,t3_141c8eg,1685985586.0,2
367,jn5r1cb,t1_jn0gckg,I mean it‚Äôs either that or dividends‚Ä¶,t3_141c8eg,1686079906.0,1
368,jn3s090,t3_142bzin,Shit i forgot to buy. Who else did they mention? Zeiss?,t3_142bzin,1686049256.0,6
369,jn4nuvr,t3_142bzin,"I mean there is already XR support in Unity for years, this is just another device. Given the state of the engine and Unity business practices I am little bit...shocked.",t3_142bzin,1686064551.0,4
370,jn4u3oa,t3_142bzin,"It went up like 5 bucks  
That ain't shit",t3_142bzin,1686066979.0,-18
371,jnokwyv,t1_jn3s090,The Apollo app showed up twice in this year‚Äôs WWDC presentation.,t3_142bzin,1686419432.0,1
372,jn5qiyc,t1_jn4nuvr,[deleted],t3_142bzin,1686079710.0,2
373,jn994ox,t1_jn4nuvr,Watch it go back to its old price in 2 to 3 months once they see the actual sales number of these headsets. I would say it might be a good time to take a long short position on unity,t3_142bzin,1686146921.0,0
374,jn4v7y9,t1_jn4u3oa,20% ain't shit? It was up 27% intraday for a moment there,t3_142bzin,1686067414.0,19
375,jn70hc0,t1_jn5qiyc,While i get the sentiment with what half the market share untiy is still barely making any money and that‚Äôs with the iPhone included in the market they dominate.,t3_142bzin,1686098595.0,2
376,jn8geux,t1_jn5qiyc,You didn't get my point like AT ALL,t3_142bzin,1686131166.0,0
377,jn6b0ti,t1_jn4v7y9,Probably bought at $196,t3_142bzin,1686087535.0,6
378,jmnujek,t3_13ymfks,"I did pretty similar to you, bought 50 shares when meta was around 90 but I sold at 260. Was always a short term play for me though, I‚Äôd rather hold the nasdaq than shares of meta now that they‚Äôve recovered from their absurdly low valuation.

Hindsight and all but I wish I would have put much more into meta. Meta at $90 and a p/e of 13 was probably one of the biggest opportunities I‚Äôve seen in a long time.",t3_13ymfks,1685739019.0,29
379,jmnlcvn,t3_13ymfks,"> TikTok has impeding ban US-wide and possibly Europe

Though a safer way to play this is to sell some Meta for Google which would also benefit from TikTok ban. That's what I did personally after Meta popped at $240

> Apple VR intro imminent next week, could crater Meta depending on what Apple reveals

The VR market is so small that I think Apple is more likely to expand the total addressable market than they are to take market share from Meta. More VR headset manufacturers leads to more VR developers who will probably develop for both platforms. Biggest problem right now is that there's really no compelling application to use VR, not that Meta's devices are limiting, maybe Apple developers can change that, who knows. 

Wall Street also hates VR so maybe Apple stock will crater after they announce their investment into it.

> Facebook is essentially a dead platform among zoomers and younger

But it doesn't really matter whether people are on Insta or Facebook",t3_13ymfks,1685735277.0,11
380,jmnwidq,t3_13ymfks,"I'm reposting my old comment from July 2022 (possibly a month or two earlier), when shares were about $160 a piece. It is out of date and I added some updates, but I think it gives a 'longer term' outlook and reason to be bullish. I own shares at $170. 


> META has:
> 
> - Essentially no debt (40B in total liabilities, of which 12B is long term debt. 21B in current liabilities, 1B of which is current debt). [Now 60B in total liabilities, but 9B in long term debt]
> - It generated 40B in FCF in 2021, compared to 20B in 2019 and 8B in 2015. [Edit: 19B in 2022, so far 7B in Q1 2023]
> - The P/E is typically in the 20-40 range, and today is at 13. [Edit: Forward P/E of 24 today]
> - Its Price/FCF is also at historic lows (11, compared to its usual 20-50 range). [Edit: Now 13 trailing/forward]
> - It's now buying back shares, reducing shares outstanding by 4% last quarter and 1% each of the 2 quarters before that. [Edit: Reduced shares 5% YoY last quarter, doing $9B with $40B authorized as of end of Q1]
> - It's forecast to grow between 9-15% the next few years, compared to the past decade of 20 to 40% growth. If it beats that, I'd expect a large revision upwards of the stock price. [Edit: Consensus estimate is 8 and 11% sales growth next two years]
> - Currently, its stock price is down 53% from 1 year ago. How much more downside can there be for a company with this much money? [EDIT: Narrator voice: There was more downside.]
> - META's average revenue per user is growing: from 12 bucks a user in 2015 to 41 bucks a user in 2021. Now consider the size of its existing base of users. [Graph](https://i.imgur.com/iyeXdXW.png) [Edit: I think its $38.5 today]
> - Net margins generally stay above 25%, currently in the 30s. This is much higher and more consistent than say Google (around 29 now, but has seen a lot more volatility). [Edit: It is around 20% today, operating margin 25%]
> - Any DCF I've seen shows that it is fairly valued even if revenue grows by 3-5% long term instead of its historic 20-40% growth
> - 5 year return on invested capital is 16%
> 
> Let me add some more qualitative remarks:
> 
> - It has survived many scandals and will continue to
> - Whatsapp is used around the world by a few billion people and can be monetized (maybe?)
> - Who knows if metaverse works!? I certainly am not interested, it is just a bonus if it works.
> - Reels could displace TikTok especially if there is a ban (see FCC remarks on TikTok). TikTok is spyware!
> - Companies like META have some of the best talent in AI/machine learning, and these skills transfer to a variety of profit-generating services. A similar case is there for GOOG and MSFT. You get high quality employees at companies like this.
> - The uncertainty/fear around META is more than made up for by the valuations. You aren't going to find firms as cheap without those major risks anyway.",t3_13ymfks,1685739833.0,10
381,jmpck43,t3_13ymfks,"You missed the fact that they have possibly the most widely used piece of software on earth, WhatsApp, with billions of users.

This is largely unmonetized today, and represents a huge untapped opportunity if they can somehow find out how to monetize.",t3_13ymfks,1685765527.0,4
382,jmqfdhx,t3_13ymfks,"People in this sub were telling me less than year ago that Meta at this point will be gone and price will drop to 50

Don't listen to any idiot in these threads. Including me

PS: I made a shit ton of money buying Meta's dip",t3_13ymfks,1685795086.0,5
383,jmp0urf,t3_13ymfks,By end of 2023 probably as high as low $300s. It can be as low as $225. No real news is coming out of its VR product the way AI is impacting.,t3_13ymfks,1685758950.0,3
384,jmnn2yp,t3_13ymfks,[deleted],t3_13ymfks,1685735980.0,2
385,jmpett5,t3_13ymfks,"Two schools of thought

Its an amazing company with lots of potential or its a dying sack of overpriced shit

In my opinion, doesn‚Äôt matter whatever anyone here thinks. If the market loves it then its gonna keep going up. Judging by their earnings, its hard not to love it *as an investor*. I own like 80 shares",t3_13ymfks,1685766971.0,2
386,jmnqv44,t3_13ymfks,"No meta position. I dont use instagram so no comment. Like you said facebook is dead where I live(cadana). Sure lots of people still have accounts but Im late 30s and nobody actively use facebook. Also younger people dont use it at all.

Tiktok ban would benefit youtube(shorts) and I am not even sure why meta would benefit from tiktok ban.

Look at their earnings. It looks terrible..yes they still make money but everything is basically declining.

This AI bubble will bust eventually..",t3_13ymfks,1685737516.0,-6
387,jmoycxu,t3_13ymfks,"there is no growth left for meta platform, they are one trick pony and tiktok wont be banned before election",t3_13ymfks,1685757673.0,-4
388,jmnjhry,t3_13ymfks,"Your analysis is very long term and focuses only on fundamental analysis.  
How about checking the weekly candlesticks for a possible reversal or the oversold RSI? That way it could be more accurate.",t3_13ymfks,1685734518.0,-10
389,jmoh4vk,t3_13ymfks,Yeah I would *definitely* wait until after WWDC to figure out where META stands.,t3_13ymfks,1685749085.0,1
390,jmpr7i2,t3_13ymfks,12 $ in 2055.,t3_13ymfks,1685776018.0,1
391,jmq55of,t3_13ymfks,">TikTok has impeding ban US-wide and possibly Europe

Europe is hostile to all social media platforms, I think Meta just got a pretty adverse ruling that they are violating data privacy laws. And I'm highly, highly skeptical that any nationwide US ban will be enacted into law, nor that such a ban would survive a 1st amendment challenge.",t3_13ymfks,1685788027.0,1
392,jmw73sl,t3_13ymfks,"It can't be lower than Google, Google is dead on innovation and drops new ideas before they manage to take off where Zuck keeps sticking to his beliefes, that company and the guy are amazing, everyone should be ashamed of themselves by not holding google over meta.",t3_13ymfks,1685904375.0,1
393,jna8y8h,t3_13ymfks,"Facebook is still growing. Parts of the world that didn‚Äôt have internet for a long time are joining.

Also WhatsApp is the most used app in the world and used daily.

I like Meta",t3_13ymfks,1686160435.0,1
394,jmob12y,t1_jmnujek,"Same, but I didn't have much more loose cash to blow at the moment back then, so no regrets.",t3_13ymfks,1685746209.0,3
395,jmok13s,t1_jmnujek,Excellent buy. My dumbass listened to the ‚Äúanalysts‚Äù i should went hard woulda been rich rn lol,t3_13ymfks,1685750471.0,3
396,jmre1ln,t1_jmnujek,"All the sell-side analysts and talking heads claimed Meta was going to $50 or below. A few were bullish for a rebound to ~$150 it Zucc cut employees. 

Tells you how much they actually know",t3_13ymfks,1685811296.0,3
397,jmoxglc,t1_jmnlcvn,"I feel like if Apple makes a good VR headset, then that will benefit Facebook. Letting someone else spend billions in hardware development seems like a good plan.",t3_13ymfks,1685757217.0,4
398,jmrf2d9,t1_jmnwidq,Facebook and Instagram are spyware as well. I think that's what people aren't understanding. Social media isn't growing like it used to because some people see it's downside.,t3_13ymfks,1685811745.0,-2
399,jmrm81v,t1_jmnwidq,"If one were to separate Facebooks businesses and value them separately, I am willing to bet the enterprise value is 4-5x current valuations. 

Marketplace, Whatsapp, Instagram, Facebook itself, Messenger, Gaming/Occulus, and of course their Metaverse (which is a bit of a laugh for people now but will be an incredible growth story 10 years from now if they keep investing in it).

All separately, they are multibillion dollar businesses mostly all capable of generating billions in low cost profits.

When Standard Oil was forced to split up and the separate businesses valued, it's said Rockafeller's wealth skyrocketed because they were worth more separately than together.  I feel the same about Facebook.

I see it hard to believe Facebook will die soon with that in mind",t3_13ymfks,1685814874.0,1
400,jmrfb3r,t1_jmpck43,"If someone tries monetizing Whatsapp, I'm out of it and so will many of my colleagues. However we are not your average group. 

I just wonder if an attempted monetization will open up opportunities to similar apps without the same monetization.",t3_13ymfks,1685811852.0,1
401,jmrfql4,t1_jmqfdhx,"I sold Meta at $220 and bought at $170 on the way up, and sold some again at $260. 

Could've just never sold or bought and probably would've been in the same place ironically enough. All that stress for no reason.",t3_13ymfks,1685812041.0,1
402,jmnowq0,t1_jmnn2yp,My ass,t3_13ymfks,1685736719.0,29
403,jmrg6z1,t1_jmpett5,"But their earnings are not great. Their operating margin is down hard. They are not CHEAP by any means. They have trouble monetizing Reels and haven't shown the capacity to do so. And TikTok looks like it's gonna escape a ban, although the threat is harming its growth. 

I like Meta until $300. But I will need to see actual evidence of Ad turnaround to invest more. 

The problem here is that Zucc has vocally, as recently as two weeks ago, confirmed that he is not slowing investment into Reality Labs. I would like to emphasize that there is a false narrative that he somehow is canceling the Metaverse. They spent $20+ billion in the last 12 months in net loss on Reality Labs... 

Not to mention, they fired 28% of workers. Morale at Facebook is awful among employees. And further employee cuts will start hitting employees who are actually productive & useful. The easy gains are gone, the hard ones are what is left (boosting ad sales in recession).",t3_13ymfks,1685812242.0,2
404,jmnvuib,t1_jmnqv44,"Just putting some stats down:

- [Daily Meta product users](https://i.imgur.com/5U5h7Vp.png)
-  Family [Family of Apps (FOA)] daily active people (DAP) ‚Äì DAP was 3.02 billion on average for March 2023, an increase of 5% year-over-year.
- Family monthly active people (MAP) ‚Äì MAP was 3.81 billion as of March 31, 2023, an increase of 5% year-over-year.
- Facebook daily active users (DAUs) ‚Äì DAUs were 2.04 billion on average for March 2023, an increase of 4% year-over-year.
- Facebook monthly active users (MAUs) ‚Äì MAUs were 2.99 billion as of March 31, 2023, an increase of 2% year-over-year.

Note: ""FoA includes Facebook, Instagram, Messenger, WhatsApp, and other services. RL includes augmented and virtual reality related consumer hardware, software, and content.""",t3_13ymfks,1685739556.0,3
405,jmpr0sq,t1_jmnqv44,"BS on declining earnings. Go back farther than pandemic. Eps is right in line with previous pre-pandemic levels. That's why I loaded up on Dec in the 90s. They cut the metaverse crap, laid off dead weight, and are back to core ad business. It's blowing away other tech stocks right now",t3_13ymfks,1685775868.0,2
406,jmpr3o5,t1_jmoycxu,Google's 1 trick had dominated for 20+ years,t3_13ymfks,1685775934.0,4
407,jmnvaux,t1_jmnjhry,Lol so are you a billionaire yet if your technical analysis is so accurate?,t3_13ymfks,1685739330.0,2
408,jmnjqph,t1_jmnjhry,"Explain senpai. I do have longterm mindset, but their entire long-term thing could be demolished next week.",t3_13ymfks,1685734620.0,1
409,jmw7eq6,t1_jmoh4vk,"By then it will pop another 100% if you dont know where they stand now then you will never know because theyve been printing money at $90 and they print money now, there's nothing to wait for.",t3_13ymfks,1685904504.0,1
410,jmr9817,t1_jmq55of,I thought the whole ban Tic-Tok was dismissed as a conspiracy theory against the prior administration? When did the current jump on board?,t3_13ymfks,1685809188.0,1
411,jna9795,t1_jmoxglc,It‚Äôs 3500 dollars. Way too expensive. Apple is notoriously bad for gaming also,t3_13ymfks,1686160529.0,1
412,jmrt3mb,t1_jmrf2d9,"I meant 'spyware for the Chinese government' which implies differential regulation by the US/EU/etc. governments of TikTok versus Meta. And, despite this, [Facebook continues to grow its DAU/MAU](https://www.reddit.com/r/stocks/comments/13ymfks/how_would_you_target_price_meta/jmnvuib/) along with its other products, despite already having some 3B people using it. That said, the bull case isn't that 3B becomes 7B (although that would help the stock), but perhaps that the average revenue per user on an enormous userbase starts growing again.

You aren't going to see me defend social media anyway--I don't use any Meta products besides occasionally WhatsApp.",t3_13ymfks,1685817877.0,2
413,jmvovky,t1_jmrfb3r,"I think you mean ‚ÄúDon‚Äôt add Ads‚Äù, which I strongly agree with.

If they find a way to actually add value, and offer something you might want to pay for, things could change.

For reference, people are pouring money into these Reddit NFT avatars, yet I feel this has done absolutely to hamper the experience on Reddit.",t3_13ymfks,1685896614.0,1
414,jmnqto3,t1_jmnowq0,[deleted],t3_13ymfks,1685737499.0,2
415,jmrjvos,t1_jmrg6z1,"Reels now and reels a year from now will be very different I think with AI optimizing content and target marketing

Montana banned tiktok, the feds don‚Äôt like tiktok, its possible tiktok is banned. 

RealityLabs isn‚Äôt a complete waste though, its an investment in the future. Apple is coming out with their own headset, they know there is promise in it too. Its not meant to generate profits yet. Its laying the foundation for it to generate profits later

I cant speak that every firing of every meta worker is a bad thing but they are among the highest paying subset of people in the world so that will save a lot of money if they can still scale without them. I read an article the other day about a Meta HR hiring person who admitted to do nothing all day and making $350,000 or something ridiculous a year 

Now Meta is creating a twitter competitor and with how bad twitter‚Äôs reputation and decision making has been, I‚Äôm sure Meta can make a twitter killer

I‚Äôm optimistic and I believe in the Zuck. They are slimey people and they will make money at the cost of humanity",t3_13ymfks,1685813850.0,1
416,jmoxow2,t1_jmnvuib,"It's ridiculous people are claiming they're dying and no one uses it any longer when they have two billion daily active users! Many of my coworkers claim Facebook is dead, but I still see them checking Facebook several times a day.",t3_13ymfks,1685757333.0,6
417,jmnk2bs,t1_jmnjqph,I personally never look at the news/fundamentals as they typically lag the price action.. and I'd have to spend a lot of time reading and analyzing the news which I don't want to do :,t3_13ymfks,1685734750.0,-6
418,jms1ei0,t1_jmrt3mb,"I see. 

The growth rates are extremely slow for Meta products to be fair. They are huge, but I wonder if more ads and more revenues will push more people away (like myself and my relative).",t3_13ymfks,1685821644.0,2
419,jmvraca,t1_jmvovky,I don't like the NFTs but I preferred it over my generic avatar since it was free.,t3_13ymfks,1685897654.0,1
420,jmrfjok,t1_jmnqto3,"$400 is absolutely insane relative to current interest rates. Not sure discount rate you're using but that's making a huge assumption that: 
1. Ads grow like they did before 2022 & 
2. Zucc stops burning $20+b in metaverse.

Zucc has outright said he is just as focused on Metaverse and Reality Labs and the talk of him shifting investment is a fake narrative.",t3_13ymfks,1685811956.0,2
421,jmrpdw6,t1_jmrjvos,I will note the Montana ban is gonna get thrown out of court like a wetrag and that'll actually boost legal protections for TikTok. Making it more likely the only path to a ban would be from Presidential order.,t3_13ymfks,1685816255.0,1
422,jmpjucw,t1_jmnk2bs,Such an incredibly dumb thing to say lol. Show us your millionaire profits then,t3_13ymfks,1685770404.0,1
423,jmrk2ac,t1_jmrfjok,[deleted],t3_13ymfks,1685813930.0,1
424,jmsfff9,t1_jmrpdw6,That sucks to hear. I‚Äôll look into it,t3_13ymfks,1685828006.0,1
425,jmrp9d8,t1_jmrk2ac,"Current 30 year bond is 4% so yes I'm saying that

$300",t3_13ymfks,1685816200.0,1
426,jmskcsn,t1_jmsfff9,"Look into it

I'm no legal expert but I read other legal experts who note it could establish First Amendment precedent for TikTok.",t3_13ymfks,1685830326.0,1
